"","GreaterP","LessP","P","MeanMADRatio"
"KIRC",3.30344894111228e-32,1,6.60689788222455e-32,0.365208852462206
"BLCA",0.682272578034886,0.320292717844375,0.640585435688751,-0.0413316212126447
"BRCA",0.000812660023435381,0.999192345170022,0.00162532004687076,0.231572391868975
"PAAD",0.999706784089372,0.000296333243011886,0.000592666486023772,-0.137967844082021
"PAADHussain1",0.999989739569133,1.03026160145444e-05,2.06052320290888e-05,-0.176544809932234
"PAADHussain2",0.460209378693088,0.540061317938671,0.920418757386177,0.000613413776217846
"PRAD",0.969053122489821,0.0310821301929464,0.0621642603858927,-0.21378281550084
"PRADLODA",0.585359061940444,0.414892585418871,0.829785170837743,0.0080792749676044
